{
  "optimize_default": {
    "fn": "optimize",
    "metrics": {
      "Portfolio Duration": 4.9999999399999995,
      "Portfolio Volatility": 0.08477498188476165,
      "Portfolio Yield": 0.06308928564,
      "Sharpe Ratio": 0.6262376524263561
    },
    "params": {
      "data_source": "real",
      "target_duration": 5.0
    }
  },
  "optimize_sharpe": {
    "fn": "optimize",
    "metrics": {
      "Portfolio Duration": 4.99934552684334,
      "Portfolio Volatility": 0.032951828751937376,
      "Portfolio Yield": 0.048641732477184056,
      "Sharpe Ratio": 1.1726733823509612
    },
    "params": {
      "data_source": "real",
      "objective_type": "Optimize Sharpe Ratio",
      "target_duration": 5.0
    }
  }
}